{
	"materials": [],
	"meshes": [
		{
			"name": "__root__",
			"id": "7d51e912-d903-4263-9188-097313f25512",
			"uniqueId": 2130,
			"type": "Mesh",
			"position": [
				1.1437400579452515,
				1.708329677581787,
				4.399656772613525
			],
			"rotationQuaternion": [
				0.22570555597653597,
				0.04997153930850983,
				0.9728439924080141,
				-0.011593692082186533
			],
			"scaling": [
				1.0000001020163143,
				-0.9999999268381813,
				1.0000000677028693
			],
			"localMatrix": {
				"0": 1,
				"1": 0,
				"2": 0,
				"3": 0,
				"4": 0,
				"5": 1,
				"6": 0,
				"7": 0,
				"8": 0,
				"9": 0,
				"10": 1,
				"11": 0,
				"12": 0,
				"13": 0,
				"14": 0,
				"15": 1
			},
			"isEnabled": true,
			"isVisible": true,
			"infiniteDistance": false,
			"pickable": true,
			"receiveShadows": false,
			"billboardMode": 0,
			"visibility": 1,
			"checkCollisions": false,
			"isBlocker": false,
			"overrideMaterialSideOrientation": null,
			"isUnIndexed": false,
			"materialId": "default material",
			"metadata": {
				"basePoseMatrix": {
					"0": -1,
					"1": 0,
					"2": 0,
					"3": 0,
					"4": 0,
					"5": 1,
					"6": 0,
					"7": 0,
					"8": 0,
					"9": 0,
					"10": 1,
					"11": 0,
					"12": 0,
					"13": 0,
					"14": 0,
					"15": 1
				},
				"originalSourceFile": {
					"id": "__root__",
					"name": "__root__",
					"sceneFileName": "3DModels/Pillow.gltf"
				},
				"isPickable": false,
				"script": {
					"name": "None"
				},
				"renderingGroupId": 0
			},
			"instances": [],
			"animations": [],
			"ranges": [],
			"layerMask": 268435455,
			"alphaIndex": 1.7976931348623157e+308,
			"hasVertexAlpha": false,
			"overlayAlpha": 0.5,
			"overlayColor": [
				1,
				0,
				0
			],
			"applyFog": true,
			"parentId": null
		}
	],
	"multiMaterials": [],
	"lods": []
}