{
	"tags": null,
	"shadowAngle": 1.5707963267948966,
	"diffuse": [
		1,
		0.5372549019607843,
		0.43457943925233644
	],
	"specular": [
		1,
		0.760666277030976,
		0.4568965517241379
	],
	"falloffType": 0,
	"intensity": 6.030000000000012,
	"range": 0.1,
	"intensityMode": 0,
	"radius": -0.20998999999999987,
	"_renderPriority": 0,
	"shadowEnabled": true,
	"excludeWithLayerMask": 0,
	"includeOnlyWithLayerMask": 0,
	"lightmapMode": 0,
	"position": [
		0.13846564292907715,
		2.0756800174713135,
		-0.7071571350097656
	],
	"name": "New Point Light",
	"id": "d9e33e2a-ed01-4f15-adee-f301de89f684",
	"state": "",
	"metadata": {
		"script": {
			"name": "None"
		}
	},
	"uniqueId": 1803,
	"type": 0,
	"parentId": "9f40e196-ade2-4945-9cc4-cfbd4f2feb9c",
	"animations": [],
	"ranges": [],
	"isEnabled": true
}